{
  "faithfulness": 0.683409432148928,
  "answer_relevancy": 0.5005715320743809,
  "context_precision": 0.8269841269204496,
  "context_recall": 0.7619047619047619
}